id;id_objetivo;llave;meta_id;meta_texto;terminos;met_conc
1;1;1.1;1;Erradicar para todas las personas y en todo el mundo la pobreza extrema (actualmente se considera que sufren pobreza extrema las personas que viven con menos de 1 25 dólares de los Estados Unidos al día.;pobreza vulnerable miseria ;1.1 Erradicar para todas las personas y en todo el mundo la pobreza extrema (actualmente se considera que sufren pobreza extrema las personas que viven con menos de 1 25 dólares de los Estados Unidos al día.
2;1;1.2;2;"Reducir al menos a la mitad la proporción de hombres  mujeres y niños de todas las
edades que viven en la pobreza en todas sus dimensiones con arreglo a las definiciones nacionales.";pobreza políticas sociales  ayudas de gobierno   subsidio ;"1.2 Reducir al menos a la mitad la proporción de hombres  mujeres y niños de todas las
edades que viven en la pobreza en todas sus dimensiones con arreglo a las definiciones nacionales."
3;1;1.3;3;Implementar a nivel nacional sistemas y medidas apropiados de protección social para todos  incluidos niveles mínimos  y  de aquí a 2030  lograr una amplia cobertura de las personas pobres y vulnerables.;protección social  pobre  vulnerable sistema de seguridad social;1.3 Implementar a nivel nacional sistemas y medidas apropiados de protección social para todos  incluidos niveles mínimos  y  de aquí a 2030  lograr una amplia cobertura de las personas pobres y vulnerables.
4;1;1.4;4;Garantizar que todos los hombres y mujeres  en particular los pobres y los vulnerables  tengan los mismos derechos a los recursos económicos y acceso a los servicios básicos  la propiedad y el control de la tierra y otros bienes  la herencia  los recursos naturales  las nuevas tecnologías apropiadas y los servicios financieros  incluida la microfinanciación.; derechos  propiedad  propietario arrendatario;1.4 Garantizar que todos los hombres y mujeres  en particular los pobres y los vulnerables  tengan los mismos derechos a los recursos económicos y acceso a los servicios básicos  la propiedad y el control de la tierra y otros bienes  la herencia  los recursos naturales  las nuevas tecnologías apropiadas y los servicios financieros  incluida la microfinanciación.
5;1;1.5;5;Fomentar la resiliencia de los pobres y las personas que se encuentran en situaciones de vulnerabilidad y reducir su exposición y vulnerabilidad a los fenómenos extremos relacionados con el clima y otras perturbaciones y desastres económicos  sociales y ambientales.;casa pobre pobreza materiales paredes techo piso terreno;1.5 Fomentar la resiliencia de los pobres y las personas que se encuentran en situaciones de vulnerabilidad y reducir su exposición y vulnerabilidad a los fenómenos extremos relacionados con el clima y otras perturbaciones y desastres económicos  sociales y ambientales.
6;1;1.6;a;Garantizar una movilización significativa de recursos procedentes de diversas fuentes  incluso mediante la mejora de la cooperación para el desarrollo  a fin de proporcionar medios suficientes y previsibles a los países en desarrollo  en particular los países menos adelantados  para que implementen programas y políticas encaminados a poner fin a la pobreza en todas sus dimensiones.;pobreza  cooperación  ayuda  desarrollo     ;1.a Garantizar una movilización significativa de recursos procedentes de diversas fuentes  incluso mediante la mejora de la cooperación para el desarrollo  a fin de proporcionar medios suficientes y previsibles a los países en desarrollo  en particular los países menos adelantados  para que implementen programas y políticas encaminados a poner fin a la pobreza en todas sus dimensiones.
7;1;1.7;b;Crear marcos normativos sólidos en los planos nacional  regional e internacional  sobre la base de estrategias de desarrollo en favor de los pobres que tengan en cuenta las cuestiones de género  a fin de apoyar la inversión acelerada en medidas para erradicar la pobreza.;pobreza  género ;1.b Crear marcos normativos sólidos en los planos nacional  regional e internacional  sobre la base de estrategias de desarrollo en favor de los pobres que tengan en cuenta las cuestiones de género  a fin de apoyar la inversión acelerada en medidas para erradicar la pobreza.
8;2;2.1;1;Poner fin al hambre y asegurar el acceso de todas las personas  en particular los pobres y las personas en situaciones de vulnerabilidad  incluidos los niños menores de 1 año  a una alimentación sana  nutritiva y suficiente durante todo el año.;hambre  desnutrición  alimentación dieta  inseguridad alimentaria  lactancia materna  desayuno almuerzo mercado lonchera ;2.1 Poner fin al hambre y asegurar el acceso de todas las personas  en particular los pobres y las personas en situaciones de vulnerabilidad  incluidos los niños menores de 1 año  a una alimentación sana  nutritiva y suficiente durante todo el año.
9;2;2.2;2;"Poner fin a todas las formas de malnutrición  incluso logrando  a más tardar en 2025  las
metas convenidas internacionalmente sobre el retraso del crecimiento y la emaciación de los niños menores de 5 años  y abordar las necesidades de nutrición de las adolescentes  las mujeres embarazadas y lactantes y las personas de edad.";hambre  desnutrición   embarazo  lactancia nutrición comida  alimentos   bajo peso ;"2.2 Poner fin a todas las formas de malnutrición  incluso logrando  a más tardar en 2025  las
metas convenidas internacionalmente sobre el retraso del crecimiento y la emaciación de los niños menores de 5 años  y abordar las necesidades de nutrición de las adolescentes  las mujeres embarazadas y lactantes y las personas de edad."
10;2;2.3;3;Duplicar la productividad agrícola y los ingresos de los productores de alimentos en pequeña escala  en particular las mujeres  los pueblos indígenas  los agricultores familiares  los ganaderos y los pescadores  entre otras cosas mediante un acceso seguro y equitativo a las tierras  a otros recursos e insumos de producción y a los conocimientos  los servicios financieros  los mercados y las oportunidades para añadir valor y obtener empleos no agrícolas.;productos agrícolas  agricultura  cultivos  siembra  sembrar  campo  campesino  campesina  ganadería  ganaderos  tierra     agotamiento capacidad agrícola   agroindustria  disminución económica rural  intemediarios  despensa agrícola  política de seguridad alimentaria  ;2.3 Duplicar la productividad agrícola y los ingresos de los productores de alimentos en pequeña escala  en particular las mujeres  los pueblos indígenas  los agricultores familiares  los ganaderos y los pescadores  entre otras cosas mediante un acceso seguro y equitativo a las tierras  a otros recursos e insumos de producción y a los conocimientos  los servicios financieros  los mercados y las oportunidades para añadir valor y obtener empleos no agrícolas.
11;2;2.4;4;"Asegurar la sostenibilidad de los sistemas de producción de alimentos y aplicar prácticas agrícolas resilientes que aumenten la productividad y la
producción  contribuyan al mantenimiento de los ecosistemas  fortalezcan la capacidad de adaptación al cambio climático  los fenómenos meteorológicos extremos 
las sequías  las inundaciones y otros desastres  y mejoren progresivamente la calidad de la tierra y el suelo.";productos agrícolas  agricultura  cultivos  siembra  sembrar  campo  campesino  campesina  ganadería  ganaderos  tierra  sequía  lluvia  cambio climático  ecosistema  desastre natural  inundación  producción agrícola  crecimiento verde recuperación agrícola  promoción mercados campesinos  tecnificación del campo  asociativad agroindustriales.   ;"2.4 Asegurar la sostenibilidad de los sistemas de producción de alimentos y aplicar prácticas agrícolas resilientes que aumenten la productividad y la
producción  contribuyan al mantenimiento de los ecosistemas  fortalezcan la capacidad de adaptación al cambio climático  los fenómenos meteorológicos extremos 
las sequías  las inundaciones y otros desastres  y mejoren progresivamente la calidad de la tierra y el suelo."
12;2;2.5;5;"Mantener la diversidad genética de las semillas  las plantas cultivadas y los animales de granja y domesticados y sus correspondientes especies silvestres 
entre otras cosas mediante una buena gestión y diversificación de los bancos de semillas y plantas a nivel nacional  regional e internacional  y promover el acceso a
los beneficios que se deriven de la utilización de los recursos genéticos y los conocimientos tradicionales conexos y su distribución justa y equitativa  según lo
convenido internacionalmente.";semillas;"2.5 Mantener la diversidad genética de las semillas  las plantas cultivadas y los animales de granja y domesticados y sus correspondientes especies silvestres 
entre otras cosas mediante una buena gestión y diversificación de los bancos de semillas y plantas a nivel nacional  regional e internacional  y promover el acceso a
los beneficios que se deriven de la utilización de los recursos genéticos y los conocimientos tradicionales conexos y su distribución justa y equitativa  según lo
convenido internacionalmente."
13;2;2.6;a;"Aumentar  incluso mediante una mayor cooperación internacional  las inversiones en infraestructura rural 
investigación y servicios de extensión agrícola  desarrollo tecnológico y bancos de genes de plantas y ganado a fin de
mejorar la capacidad de producción agropecuaria en los países en desarrollo  particularmente en los países menos
adelantados.";desarrollo rural  desarrollo del campo  tecnificación del campo      ;"2.a Aumentar  incluso mediante una mayor cooperación internacional  las inversiones en infraestructura rural 
investigación y servicios de extensión agrícola  desarrollo tecnológico y bancos de genes de plantas y ganado a fin de
mejorar la capacidad de producción agropecuaria en los países en desarrollo  particularmente en los países menos
adelantados."
14;2;2.7;b;"Corregir y prevenir las restricciones y distorsiones comerciales en los mercados agropecuarios mundiales 
incluso mediante la eliminación paralela de todas las formas de subvención a las exportaciones agrícolas y todas las
medidas de exportación con efectos equivalentes  de conformidad con el mandato de la Ronda de Doha para el
Desarrollo.";exportación  exportaciones  productos agropecuarios  mercados agropecuarios restricciones     ;"2.b Corregir y prevenir las restricciones y distorsiones comerciales en los mercados agropecuarios mundiales 
incluso mediante la eliminación paralela de todas las formas de subvención a las exportaciones agrícolas y todas las
medidas de exportación con efectos equivalentes  de conformidad con el mandato de la Ronda de Doha para el
Desarrollo."
15;2;2.8;c;"Adoptar medidas para asegurar el buen funcionamiento de los mercados de productos básicos alimentarios y sus derivados y facilitar el acceso oportuno a
la información sobre los mercados  incluso sobre las reservas de alimentos  a fin de ayudar a limitar la extrema volatilidad de los precios de los alimentos.";precio de los alimentos  mercados  reserva de alimentos   Mercados campesinos  volatilidad  alza de precios;"2.c Adoptar medidas para asegurar el buen funcionamiento de los mercados de productos básicos alimentarios y sus derivados y facilitar el acceso oportuno a
la información sobre los mercados  incluso sobre las reservas de alimentos  a fin de ayudar a limitar la extrema volatilidad de los precios de los alimentos."
16;3;3.1;1;Reducir la tasa mundial de mortalidad materna a menos de 70 por cada 100.000 nacidos vivos.;embarazada gestante  embarazo  nacimiento  mortalidad materna  controles prenatales  partera  ginecóloga  parto  eclampsia  preeclampsia  ectópico personal calificado para partos  controles prenatales   ;3.1 Reducir la tasa mundial de mortalidad materna a menos de 70 por cada 100.000 nacidos vivos.
17;3;3.2;2;"Poner fin a las muertes evitables de recién nacidos y de niños menores de 5 años  logrando que
todos los países intenten reducir la mortalidad neonatal al menos a 12 por cada 1.000 nacidos vivos y la mortalidad de
los niños menores de 5 años al menos a 25 por cada 1.000 nacidos vivos.";mortalidad infantil  muerte mortalidad neonatal  mortalidad menores neumonía  diarrea  prematuros  falta de atención  mala atención  no hay hospital  urgencias  unidad de cuidado intensivo  vacunas  neonatal  neonato  hijo  sobrino  nieto  bebé    muerte bebé  recién nacido;"3.2 Poner fin a las muertes evitables de recién nacidos y de niños menores de 5 años  logrando que
todos los países intenten reducir la mortalidad neonatal al menos a 12 por cada 1.000 nacidos vivos y la mortalidad de
los niños menores de 5 años al menos a 25 por cada 1.000 nacidos vivos."
18;3;3.3;3;"Poner fin a las epidemias del SIDA  la tuberculosis  la malaria y las enfermedades tropicales desatendidas y combatir la hepatitis  las enfermedades
transmitidas por el agua y otras enfermedades transmisibles.";enfermedades  sida  tuberculosis  hepatitis  contagio  virus condon  VIH  cero positivo  prostitución  protección  enfermedades tropicales  dengue  chikungunya  chicunguña  chagas  vacuna  zika  leishmaniasis  malaria  agua estancada  problemas acueducto  agua potable dengue  hepatitis b  hepatitis  c   vih  ets;"3.3 Poner fin a las epidemias del SIDA  la tuberculosis  la malaria y las enfermedades tropicales desatendidas y combatir la hepatitis  las enfermedades
transmitidas por el agua y otras enfermedades transmisibles."
19;3;3.4;4;Reducir en un tercio la mortalidad prematura por enfermedades no transmisibles mediante su prevención y tratamiento  y promover la salud mental y el bienestar.;"mortalidad  salud mental  medicamento  tratamiento enfermedades cardiovasculares  Hipertensión  Infarto  aneurisma  cáncer  tumor  neoplasia  diabetes  enfermedades respiratorias crónicas  asma 
 la enfermedad pulmonar obstructiva crónica  
 la rinitis alérgica  suicidio cáncer de mama  cuello uterino  colon y recto  pulmón  próstata  estómago  linfoma no Hodgkin y Leucemia en adultos. Diabetes  tumores malignos  enfermedades crónicas de las vías respiratorias inferiores  lesiones auto infligidas intencionalmente  salud mental   ";3.4 Reducir en un tercio la mortalidad prematura por enfermedades no transmisibles mediante su prevención y tratamiento  y promover la salud mental y el bienestar.
20;3;3.5;5;Fortalecer la prevención y el tratamiento del abuso de sustancias adictivas  incluido el uso indebido de estupefacientes y el consumo nocivo de alcohol.;consumo de drogas  consumo de licor  adicción  alcohol  cerveza  aguardiente  trago  whisky  ron  Heroína  Cocaína  perico  cannabis  marihuana  porro  marihuanero  adictos  drogadictos  drogadicción  vicio  viciosos abuso o dependencia  sustancia ilícita  consumo de riesgo y perjudicial de alcohol   sustancias adictivas  sustancias ilícitas  estupefacientes  consumo nocivo de alcohol alucinógenos estupefacientes marihuanero;3.5 Fortalecer la prevención y el tratamiento del abuso de sustancias adictivas  incluido el uso indebido de estupefacientes y el consumo nocivo de alcohol.
21;3;3.6;6;Reducir a la mitad el número de muertes y lesiones causadas por accidentes de tráfico en el mundo.;accidentes viales  accidentes de tráfico  muerte  lesión  conductor  peatón  transeúnte  velocidad  falla mecánica accidente tránsito  semáforo  casco  bicicleta  moto  carro  camión  bus  buseta  murió  estrelló  fractura  rápido accidentes transporte terrestre   ;3.6 Reducir a la mitad el número de muertes y lesiones causadas por accidentes de tráfico en el mundo.
22;3;3.7;7;Garantizar el acceso universal a los servicios de salud sexual y reproductiva  incluidos los de planificación familiar  información y educación  y la integración de la salud reproductiva en las estrategias y los programas nacionales.;planificación familiar  educación sexual  embarazo  embarazo adolescente  anticoncepción  prevención condon  pastillas  pastas  DIU  dispositivo intrauterino  inyección  necesidades de planificación familiar  niña embarazada  estudio  estudiar actividad sexual reciente  fecundidad mujeres adolescentes  madres embarzadas primer hijo  embarazo subsiguiente   ;3.7 Garantizar el acceso universal a los servicios de salud sexual y reproductiva  incluidos los de planificación familiar  información y educación  y la integración de la salud reproductiva en las estrategias y los programas nacionales.
23;3;3.8;8;Lograr la cobertura sanitaria universal  incluida la protección contra los riesgos financieros  el acceso a servicios de salud esenciales de calidad y el acceso a medicamentos y vacunas inocuos  eficaces  asequibles y de calidad para todos.;acceso salud  medicamento  vacuna  enfermedad  salud  asistencia médica hospital  clínica  hospital  centro médico  servicios de salud esenciales  salud materna  enfermedades infecciosas  controles prenatales  citas médicas  controles médicos  personal sanitario especializado  partera  ginecóloga  falta de atención  mala atención  no hay hospital  urgencias  unidad de cuidados intensivos  uci  neonatal  neonato  hijo  sobrino  nieto  salud y pensión tercera dosis prevalente    vacunación triple viral     ;3.8 Lograr la cobertura sanitaria universal  incluida la protección contra los riesgos financieros  el acceso a servicios de salud esenciales de calidad y el acceso a medicamentos y vacunas inocuos  eficaces  asequibles y de calidad para todos.
24;3;3.9;9;Reducir considerablemente el número de muertes y enfermedades causadas por productos químicos peligrosos y por la polución y contaminación del aire  el agua y el suelo.;calidad del aire  contaminación  contaminantes  enfermedades respiratorias Químicos peligrosos  polución  humo  carbon  leña  agua potable  alcantarillado  intoxicación estaciones de aire   intoxicación sustancias químicas  riesgo de  calidad del agua  IRCA     gastrointestinales  vomito  dearrea  enfermedades de la piel;3.9 Reducir considerablemente el número de muertes y enfermedades causadas por productos químicos peligrosos y por la polución y contaminación del aire  el agua y el suelo.
25;3;3.1;a;Fortalecer la aplicación del Convenio Marco de la Organización Mundial de la Salud para el Control del Tabaco en todos los países  según proceda.;fumar  fumadores  cigarrillo  vicio  viciosos  tabaco  asma  cáncer  pulmon prevalecia consumo de tabaco   ;3.a Fortalecer la aplicación del Convenio Marco de la Organización Mundial de la Salud para el Control del Tabaco en todos los países  según proceda.
26;3;3.11;b;Apoyar las actividades de investigación y desarrollo de vacunas y medicamentos contra las enfermedades transmisibles y no transmisibles que afectan primordialmente a los países en desarrollo y facilitar el acceso a medicamentos y vacunas esenciales asequibles de conformidad con la Declaración relativa al Acuerdo sobre los Aspectos de los Derechos de Propiedad Intelectual Relacionados con el Comercio y la Salud Pública  en la que se afirma el derecho de los países en desarrollo a utilizar al máximo las disposiciones del Acuerdo sobre los Aspectos de los Derechos de Propiedad Intelectual Relacionados con el Comercio respecto a la flexibilidad para proteger la salud pública y  en particular  proporcionar acceso a los medicamentos para todos.;"salud pública  medicamentos  vacunas  acceso a salud   investigación  apoyar  condón  VIH  sida  cero positivo  prostitución  protección  enfermedades transmisibles  dengue  chikungunya  chicunguña  chagas  vacuna  zika  leishmaniasis  malaria  agua estancada  problemas acueducto  agua potable  enfermedades cardiovasculares  Hipertensión  Infarto  aneurisma  cáncer  tumor  neoplasia  diabetes  enfermedades respiratorias crónicas  asma   la enfermedad pulmonar obstructiva crónica 
 la rinitis alérgica  suicidio    ";3.b Apoyar las actividades de investigación y desarrollo de vacunas y medicamentos contra las enfermedades transmisibles y no transmisibles que afectan primordialmente a los países en desarrollo y facilitar el acceso a medicamentos y vacunas esenciales asequibles de conformidad con la Declaración relativa al Acuerdo sobre los Aspectos de los Derechos de Propiedad Intelectual Relacionados con el Comercio y la Salud Pública  en la que se afirma el derecho de los países en desarrollo a utilizar al máximo las disposiciones del Acuerdo sobre los Aspectos de los Derechos de Propiedad Intelectual Relacionados con el Comercio respecto a la flexibilidad para proteger la salud pública y  en particular  proporcionar acceso a los medicamentos para todos.
27;3;3.12;c;Aumentar considerablemente la financiación de la salud y la contratación  el perfeccionamiento  la capacitación y la retención del personal sanitario en los países en desarrollo  especialmente en los países menos adelantados y los pequeños Estados insulares en desarrollo.;enfermero  enfermera  médico  médica  hospital  eps  clínica  invertir  financiar  contratar  asegurar  empleo  capacitar  aumentar  pagar mejor  doctores  especialistas    ;3.c Aumentar considerablemente la financiación de la salud y la contratación  el perfeccionamiento  la capacitación y la retención del personal sanitario en los países en desarrollo  especialmente en los países menos adelantados y los pequeños Estados insulares en desarrollo.
28;3;3.13;d;Reforzar la capacidad de todos los países  en particular los países en desarrollo  en materia de alerta temprana  reducción de riesgos y gestión de los riesgos para la salud nacional y mundial.;gestión riesgo desastres naturales inundación sequía deslizamiento terremoto avalancha ;3.d Reforzar la capacidad de todos los países  en particular los países en desarrollo  en materia de alerta temprana  reducción de riesgos y gestión de los riesgos para la salud nacional y mundial.
29;4;4.1;1;Asegurar que todas las niñas y todos los niños terminen la enseñanza primaria y secundaria  que ha de ser gratuita  equitativa y de calidad y producir resultados de aprendizaje pertinentes y efectivos.;acceso a educación  educación gratuita  niños  niñas  educación  educación primaria  educación secundaria  educación de calidad   cobertura educación primaria  cobertura educación media   primera infancia  educación preescolar  ;4.1 Asegurar que todas las niñas y todos los niños terminen la enseñanza primaria y secundaria  que ha de ser gratuita  equitativa y de calidad y producir resultados de aprendizaje pertinentes y efectivos.
30;4;4.2;2;Asegurar que todas las niñas y todos los niños tengan acceso a servicios de atención y desarrollo en la primera infancia y educación preescolar de calidad  a fin de que estén preparados para la enseñanza primaria.;educación preescolar  primera infancia  jardín infantil  niños  niñas   atención integral primera infancia  cobertura transición  jardín  guardería ;4.2 Asegurar que todas las niñas y todos los niños tengan acceso a servicios de atención y desarrollo en la primera infancia y educación preescolar de calidad  a fin de que estén preparados para la enseñanza primaria.
31;4;4.3;3;Asegurar el acceso igualitario de todos los hombres y las mujeres a una formación técnica  profesional y superior de calidad  incluida la enseñanza universitaria.;educación superior  educación técnica  técnica  tecnóloga  tecnológica  universitaria  universidad  estudiante  estudiar  cobertura educación superior   ;4.3 Asegurar el acceso igualitario de todos los hombres y las mujeres a una formación técnica  profesional y superior de calidad  incluida la enseñanza universitaria.
32;4;4.4;4;Aumentar considerablemente el número de jóvenes y adultos que tienen las competencias necesarias  en particular técnicas y profesionales  para acceder al empleo  el trabajo decente y el emprendimiento.;eduación  trabajo  empleo  formación  oferta laboral  acceso educación  emprendimiento  desempleo  mercado laboral  empleo juvenil   ;4.4 Aumentar considerablemente el número de jóvenes y adultos que tienen las competencias necesarias  en particular técnicas y profesionales  para acceder al empleo  el trabajo decente y el emprendimiento.
33;4;4.5;5;Eliminar las disparidades de género en la educación y asegurar el acceso igualitario a todos los niveles de la enseñanza y la formación profesional para las personas vulnerables  incluidas las personas con discapacidad  los pueblos indígenas y los niños en situaciones de vulnerabilidad.;educación inclusiva  personas con discapacidad  grupos étnicos  indígenas  mujeres    brecha educativa  cobertura urbano rural   ;4.5 Eliminar las disparidades de género en la educación y asegurar el acceso igualitario a todos los niveles de la enseñanza y la formación profesional para las personas vulnerables  incluidas las personas con discapacidad  los pueblos indígenas y los niños en situaciones de vulnerabilidad.
34;4;4.6;6;Asegurar que todos los jóvenes y una proporción considerable de los adultos  tanto hombres como mujeres  estén alfabetizados y tengan nociones elementales de aritmética.;educación básica colegio escuela  lectura  escritura  matemáticas  analfabetismo leer escribir   ;4.6 Asegurar que todos los jóvenes y una proporción considerable de los adultos  tanto hombres como mujeres  estén alfabetizados y tengan nociones elementales de aritmética.
35;4;4.7;7;Asegurar que todos los alumnos adquieran los conocimientos teóricos y prácticos necesarios para promover el desarrollo sostenible  entre otras cosas mediante la educación para el desarrollo sostenible y los estilos de vida sostenibles  los derechos humanos  la igualdad de género  la promoción de una cultura de paz y no violencia  la ciudadanía mundial y la valoración de la diversidad cultural y la contribución de la cultura al desarrollo sostenible.;educación desarrollo sostenible  cultura de paz   diversidad ;4.7 Asegurar que todos los alumnos adquieran los conocimientos teóricos y prácticos necesarios para promover el desarrollo sostenible  entre otras cosas mediante la educación para el desarrollo sostenible y los estilos de vida sostenibles  los derechos humanos  la igualdad de género  la promoción de una cultura de paz y no violencia  la ciudadanía mundial y la valoración de la diversidad cultural y la contribución de la cultura al desarrollo sostenible.
36;4;4.8;a;Construir y adecuar instalaciones educativas que tengan en cuenta las necesidades de los niños y las personas con discapacidad y las diferencias de género  y que ofrezcan entornos de aprendizaje seguros  no violentos  inclusivos y eficaces para todos.;educación inclusiva  personas con discapacidad ;4.a Construir y adecuar instalaciones educativas que tengan en cuenta las necesidades de los niños y las personas con discapacidad y las diferencias de género  y que ofrezcan entornos de aprendizaje seguros  no violentos  inclusivos y eficaces para todos.
37;4;4.9;b;Aumentar considerablemente a nivel mundial el número de becas disponibles para los países en desarrollo  en particular los países menos adelantados  los pequeños Estados insulares en desarrollo y los países africanos  a fin de que sus estudiantes puedan matricularse en programas de enseñanza superior  incluidos programas de formación profesional y programas técnicos  científicos  de ingeniería y de tecnología de la información y las comunicaciones  de países desarrollados y otros países en desarrollo.; educación  beca  programa educativo ciencia teconología ingeniería tecnológico icetex      ;4.b Aumentar considerablemente a nivel mundial el número de becas disponibles para los países en desarrollo  en particular los países menos adelantados  los pequeños Estados insulares en desarrollo y los países africanos  a fin de que sus estudiantes puedan matricularse en programas de enseñanza superior  incluidos programas de formación profesional y programas técnicos  científicos  de ingeniería y de tecnología de la información y las comunicaciones  de países desarrollados y otros países en desarrollo.
38;4;4.1;c;Aumentar considerablemente la oferta de docentes calificados  incluso mediante la cooperación internacional para la formación de docentes en los países en desarrollo  especialmente los países menos adelantados y los pequeños Estados insulares en desarrollo.;maestro  profesor  profesora  escuelas  enseñar  enseñanza     ;4.c Aumentar considerablemente la oferta de docentes calificados  incluso mediante la cooperación internacional para la formación de docentes en los países en desarrollo  especialmente los países menos adelantados y los pequeños Estados insulares en desarrollo.
39;5;5.1;1;Poner fin a todas las formas de discriminación contra todas las mujeres y las niñas en todo el mundo.;discriminación  mujer  niña  género  violencia basada en género  paridad de género  igualdad de género igualdad  brecha;5.1 Poner fin a todas las formas de discriminación contra todas las mujeres y las niñas en todo el mundo.
40;5;5.2;2;Eliminar todas las formas de violencia contra todas las mujeres y las niñas en los ámbitos público y privado  incluidas la trata y la explotación sexual y otros tipos de explotación.;sexual  maltrato violación  celos  celar infiel  abandonar  pareja  novio  exnovio  ex  expareja  esposo  sexuales forzados  feminicidio mujeres  maltrato psicológico;5.2 Eliminar todas las formas de violencia contra todas las mujeres y las niñas en los ámbitos público y privado  incluidas la trata y la explotación sexual y otros tipos de explotación.
41;5;5.3;3;Eliminar todas las prácticas nocivas  como el matrimonio infantil  precoz y forzado y la mutilación genital femenina.;matrimonio infantil  niña  mujer  mutilación genital casada  union libre  hombre mayor  ablación genital casadas niñas  unión estable niñas   ;5.3 Eliminar todas las prácticas nocivas  como el matrimonio infantil  precoz y forzado y la mutilación genital femenina.
42;5;5.4;4;Reconocer y valorar los cuidados y el trabajo doméstico no remunerados mediante servicios públicos  infraestructuras y políticas de protección social  y promoviendo la responsabilidad compartida en el hogar y la familia  según proceda en cada país.;trabajo doméstico  ama de casa  trabajo en el hogar  mujer  cuidado del hogar cuidado  abuelo  anciano  no remunerado  no pago quehaceres domésticos    ;5.4 Reconocer y valorar los cuidados y el trabajo doméstico no remunerados mediante servicios públicos  infraestructuras y políticas de protección social  y promoviendo la responsabilidad compartida en el hogar y la familia  según proceda en cada país.
43;5;5.5;5;Asegurar la participación plena y efectiva de las mujeres y la igualdad de oportunidades de liderazgo a todos los niveles decisorios en la vida política  económica y pública.;representación de la mujer  paridad de género  igualdad de género  lideresa mujeres jefes  directoras  coordinadoras  alcaldesa  gobernadora  senadora mujeres candidatas   ;5.5 Asegurar la participación plena y efectiva de las mujeres y la igualdad de oportunidades de liderazgo a todos los niveles decisorios en la vida política  económica y pública.
44;5;5.6;6;Asegurar el acceso universal a la salud sexual y reproductiva y los derechos reproductivos según lo acordado de conformidad con el Programa de Acción de la Conferencia Internacional sobre la Población y el Desarrollo  la Plataforma de Acción de Beijing y los documentos finales de sus conferencias de examen.;"sexual  reproductiva  mujer  niñas  anticoncepción  embarazo   uso de DIU  dispositivo intrauterino  condón  condón femenino  T  pastas  pastillas  píldora  inyección
acceso pleno  gratuito  facil  educación integral para la sexualidad  educación sexual fecundidad en adolescentes  embarazadas primer hijo  embarazo subsiguiente  actividad sexual reciente   ";5.6 Asegurar el acceso universal a la salud sexual y reproductiva y los derechos reproductivos según lo acordado de conformidad con el Programa de Acción de la Conferencia Internacional sobre la Población y el Desarrollo  la Plataforma de Acción de Beijing y los documentos finales de sus conferencias de examen.
45;5;5.7;a;Emprender reformas que otorguen a las mujeres igualdad de derechos a los recursos económicos  así como acceso a la propiedad y al control de la tierra y otros tipos de bienes  los servicios financieros  la herencia y los recursos naturales  de conformidad con las leyes nacionales.;derechos de mujeres  acceso a oportunidades  mujer  niña  igualdad de género campesinas  agricultoras  dueñas  tierras  fincas  casa  propietarias  titulares  leyes  ley  marco legal  igauldad  brecha Brecha de ingreso entre hombres y mujeres   ;5.a Emprender reformas que otorguen a las mujeres igualdad de derechos a los recursos económicos  así como acceso a la propiedad y al control de la tierra y otros tipos de bienes  los servicios financieros  la herencia y los recursos naturales  de conformidad con las leyes nacionales.
46;5;5.8;b;Mejorar el uso de la tecnología instrumental  en particular la tecnología de la información y las comunicaciones  para promover el empoderamiento de las mujeres.;empoderamiento  mujer  niña  tecnología  emprendimiento poseen  tienen  teléfono móvil  celular  teléfono  smarthphone  inteligente  tactil mujeres con celular  mujeres con computador  mujeres con internet   ;5.b Mejorar el uso de la tecnología instrumental  en particular la tecnología de la información y las comunicaciones  para promover el empoderamiento de las mujeres.
47;5;5.9;c;Aprobar y fortalecer políticas acertadas y leyes aplicables para promover la igualdad de género y el empoderamiento de todas las mujeres y las niñas a todos los niveles.;igualdad de género  paridad de género  mujer seguimiento  control  empoderamiento  asignación de fondos  presupuesto  plata    ;5.c Aprobar y fortalecer políticas acertadas y leyes aplicables para promover la igualdad de género y el empoderamiento de todas las mujeres y las niñas a todos los niveles.
48;6;6.1;1;Lograr el acceso universal y equitativo al agua potable a un precio asequible para todos.;acueducto  agua potable  aguas  higiene  servicios    abastecimioento de agua   consumo humano de agua    agua potable  abastecimiento de agua  redes de servicios públicos   ;6.1 Lograr el acceso universal y equitativo al agua potable a un precio asequible para todos.
49;6;6.2;2;Lograr el acceso a servicios de saneamiento e higiene adecuados y equitativos para todos y poner fin a la defecación al aire libre  prestando especial atención a las necesidades de las mujeres y las niñas y las personas en situaciones de vulnerabilidad.;acceso servicios públicos  acueducto  saneamiento de agua  beber agua  agua potable  higiene  métodos de saneamiento básico  saneamiento básico  pozo séptico  letrina   ptar;6.2 Lograr el acceso a servicios de saneamiento e higiene adecuados y equitativos para todos y poner fin a la defecación al aire libre  prestando especial atención a las necesidades de las mujeres y las niñas y las personas en situaciones de vulnerabilidad.
50;6;6.3;3;Mejorar la calidad del agua reduciendo la contaminación  eliminando el vertimiento y minimizando la emisión de productos químicos y materiales peligrosos  reduciendo a la mitad el porcentaje de aguas residuales sin tratar y aumentando considerablemente el reciclado y la reutilización sin riesgos a nivel mundial.;agua  agua potable  reciclaje  contaminación  tratamiento de agua  residuos   aguas residuales  aguas dométicas    sistemas de tratamiento  plantas de tratamiento  planta de tratamiento de aguas residuales  PTAR  ;6.3 Mejorar la calidad del agua reduciendo la contaminación  eliminando el vertimiento y minimizando la emisión de productos químicos y materiales peligrosos  reduciendo a la mitad el porcentaje de aguas residuales sin tratar y aumentando considerablemente el reciclado y la reutilización sin riesgos a nivel mundial.
51;6;6.4;4;Aumentar considerablemente el uso eficiente de los recursos hídricos en todos los sectores y asegurar la sostenibilidad de la extracción y el abastecimiento de agua dulce para hacer frente a la escasez de agua y reducir considerablemente el número de personas que sufren falta de agua.;agua  agua dulce  río  recursos hídricos  acceso    subzonas hidrográficas  Productividad hídrica  fuentes abastecedoras  aguas superficiales  aguas subterráneas  concesiones de aguas  acueducto veredal  acueducto rural  fuentes hídricas  río  quebrada  humedal  nacimiento de agua  acuífero  acuífero de Tunja  acabando el agua  reduciendo los caudales;6.4 Aumentar considerablemente el uso eficiente de los recursos hídricos en todos los sectores y asegurar la sostenibilidad de la extracción y el abastecimiento de agua dulce para hacer frente a la escasez de agua y reducir considerablemente el número de personas que sufren falta de agua.
52;6;6.5;5;Implementar la gestión integrada de los recursos hídricos a todos los niveles  incluso mediante la cooperación transfronteriza  según proceda.;recursos hídricos  Ordenación y Manejo de Cuencas Hidrográficas;6.5 Implementar la gestión integrada de los recursos hídricos a todos los niveles  incluso mediante la cooperación transfronteriza  según proceda.
53;6;6.6;6;Proteger y restablecer los ecosistemas relacionados con el agua  incluidos los bosques  las montañas  los humedales  los ríos  los acuíferos y los lagos.;ríos  humedales  bosques  acuíferos  lagos  proteger  protección  ecosistema      páramo  reserva forestal protectora  reserva El Malmo  fuentes hídricas  río  quebrada  humedal  nacimiento de agua  acuífero  acuífero de Tunja  fuentes abastecedoras  aguas superficiales  aguas subterráneas  ;6.6 Proteger y restablecer los ecosistemas relacionados con el agua  incluidos los bosques  las montañas  los humedales  los ríos  los acuíferos y los lagos.
54;6;6.7;a;Ampliar la cooperación internacional y el apoyo prestado a los países en desarrollo para la creación de capacidad en actividades y programas relativos al agua y el saneamiento  como los de captación de agua  desalinización  uso eficiente de los recursos hídricos  tratamiento de aguas residuales  reciclado y tecnologías de reutilización.;agua  saneamiento de agua  acueducto  tratamiento de agua  recurso hídirco  aguas residuales  residuos      ;6.a Ampliar la cooperación internacional y el apoyo prestado a los países en desarrollo para la creación de capacidad en actividades y programas relativos al agua y el saneamiento  como los de captación de agua  desalinización  uso eficiente de los recursos hídricos  tratamiento de aguas residuales  reciclado y tecnologías de reutilización.
55;6;6.8;b;Apoyar y fortalecer la participación de las comunidades locales en la mejora de la gestión del agua y el saneamiento.;gestión del agua  saneamiento  acueducto  cuidado del agua  desperdicio de agua     gestión del recurso hídrico  gestión integral del recurso hídrico  cuencas hidrográficas  plan de ordenación y manejo de cuencas hidrográficas  POMCA  ;6.b Apoyar y fortalecer la participación de las comunidades locales en la mejora de la gestión del agua y el saneamiento.
56;7;7.1;1;Garantizar el acceso universal a servicios energéticos asequibles  fiables y modernos.;acceso servicio público  luz  energía  electricidad  recibo  Cobertura de energía eléctrica   ;7.1 Garantizar el acceso universal a servicios energéticos asequibles  fiables y modernos.
57;7;7.2;2;Aumentar considerablemente la proporción de energía renovable en el conjunto de fuentes energéticas.;energía renovable  energía alternativa  contaminación  energía solar  energía eólica  energía térmica  energía limpia  gasolina  petróleo  capacidad instalada de fuentes renovables  fuentes alternativas de electricidad  páneles solares ;7.2 Aumentar considerablemente la proporción de energía renovable en el conjunto de fuentes energéticas.
58;7;7.3;3;Duplicar la tasa mundial de mejora de la eficiencia energética.;eficiencia energética  Intensidad energética   ;7.3 Duplicar la tasa mundial de mejora de la eficiencia energética.
59;7;7.4;a;Aumentar la cooperación internacional para facilitar el acceso a la investigación y la tecnología relativas a la energía limpia  incluidas las fuentes renovables  la eficiencia energética y las tecnologías avanzadas y menos contaminantes de combustibles fósiles  y promover la inversión en infraestructura energética y tecnologías limpias.;tecnología  investigación  energía renovable  energía limpia     ;7.a Aumentar la cooperación internacional para facilitar el acceso a la investigación y la tecnología relativas a la energía limpia  incluidas las fuentes renovables  la eficiencia energética y las tecnologías avanzadas y menos contaminantes de combustibles fósiles  y promover la inversión en infraestructura energética y tecnologías limpias.
60;7;7.5;b;Ampliar la infraestructura y mejorar la tecnología para prestar servicios energéticos modernos y sostenibles para todos en los países en desarrollo  en particular los países menos adelantados  los pequeños Estados insulares en desarrollo y los países en desarrollo sin litoral  en consonancia con sus respectivos programas de apoyo.;servicios públicos  acceso a energía  energía renovable  energía sostenible     ;7.b Ampliar la infraestructura y mejorar la tecnología para prestar servicios energéticos modernos y sostenibles para todos en los países en desarrollo  en particular los países menos adelantados  los pequeños Estados insulares en desarrollo y los países en desarrollo sin litoral  en consonancia con sus respectivos programas de apoyo.
61;8;8.1;1;Mantener el crecimiento económico per cápita de conformidad con las circunstancias nacionales y  en particular  un crecimiento del producto interno bruto de al menos el 7% anual en los países menos adelantados.;crecimiento económico  economía  oportunidad  productividad   atracción económica  suelo disponible para atraer inversión  oportunidades de negocios  reactivación económica  ciudad turística  marketing de ciudad  industria turística  agroindustria  emprendimientos    ;8.1 Mantener el crecimiento económico per cápita de conformidad con las circunstancias nacionales y  en particular  un crecimiento del producto interno bruto de al menos el 7% anual en los países menos adelantados.
62;8;8.2;2;Lograr niveles más elevados de productividad económica mediante la diversificación  la modernización tecnológica y la innovación  entre otras cosas centrándose en los sectores con gran valor añadido y un uso intensivo de la mano de obra.;productividad económica  modernizar  tecnificar     ;8.2 Lograr niveles más elevados de productividad económica mediante la diversificación  la modernización tecnológica y la innovación  entre otras cosas centrándose en los sectores con gran valor añadido y un uso intensivo de la mano de obra.
63;8;8.3;3;Promover políticas orientadas al desarrollo que apoyen las actividades productivas  la creación de puestos de trabajo decentes  el emprendimiento  la creatividad y la innovación  y fomentar la formalización y el crecimiento de las microempresas y las pequeñas y medianas empresas  incluso mediante el acceso a servicios financieros.;creación de trabajo  creación de empleo  oportunidad de trabajo  oportunidad laboral  emprendimiento  innovación  creatividad  empresas  microempresa     microcomercio ilegal  habilitación suelos para usos comerciales y servicios    ;8.3 Promover políticas orientadas al desarrollo que apoyen las actividades productivas  la creación de puestos de trabajo decentes  el emprendimiento  la creatividad y la innovación  y fomentar la formalización y el crecimiento de las microempresas y las pequeñas y medianas empresas  incluso mediante el acceso a servicios financieros.
64;8;8.4;4;Mejorar progresivamente  de aquí a 2030  la producción y el consumo eficientes de los recursos mundiales y procurar desvincular el crecimiento económico de la degradación del medio ambiente  conforme al Marco Decenal de Programas sobre Modalidades de Consumo y Producción Sostenibles  empezando por los países desarrollados.;producción  producción sostenible  emisiones  cambio climático  crecimiento económico  medio ambiente  consumo eficiente     ;8.4 Mejorar progresivamente  de aquí a 2030  la producción y el consumo eficientes de los recursos mundiales y procurar desvincular el crecimiento económico de la degradación del medio ambiente  conforme al Marco Decenal de Programas sobre Modalidades de Consumo y Producción Sostenibles  empezando por los países desarrollados.
65;8;8.5;5;Lograr el empleo pleno y productivo y el trabajo decente para todas las mujeres y los hombres  incluidos los jóvenes y las personas con discapacidad  así como la igualdad de remuneración por trabajo de igual valor.;creación de trabajo  creación de empleo  oportunidad de trabajo  oportunidad laboral  discriminación  igualdad  acceso   empleo para jóvenes  falta de experiencia desempleo ;8.5 Lograr el empleo pleno y productivo y el trabajo decente para todas las mujeres y los hombres  incluidos los jóvenes y las personas con discapacidad  así como la igualdad de remuneración por trabajo de igual valor.
66;8;8.6;6;Reducir considerablemente la proporción de jóvenes que no están empleados y no cursan estudios ni reciben capacitación.;jóven  jóvenes  falta de oportunidades  falta de empleo  trabajo desempleo formación educación  estudio  juventud  empleo juvenil     jóvenes desempleados ;8.6 Reducir considerablemente la proporción de jóvenes que no están empleados y no cursan estudios ni reciben capacitación.
67;8;8.7;7;Adoptar medidas inmediatas y eficaces para erradicar el trabajo forzoso  poner fin a las formas contemporáneas de esclavitud y la trata de personas y asegurar la prohibición y eliminación de las peores formas de trabajo infantil  incluidos el reclutamiento y la utilización de niños soldados  y  de aquí a 2025  poner fin al trabajo infantil en todas sus formas.;trabajo forzoso  esclavitud  trabajo infantil  reclutamiento  ;8.7 Adoptar medidas inmediatas y eficaces para erradicar el trabajo forzoso  poner fin a las formas contemporáneas de esclavitud y la trata de personas y asegurar la prohibición y eliminación de las peores formas de trabajo infantil  incluidos el reclutamiento y la utilización de niños soldados  y  de aquí a 2025  poner fin al trabajo infantil en todas sus formas.
68;8;8.8;8;Proteger los derechos laborales y promover un entorno de trabajo seguro y sin riesgos para todos los trabajadores  incluidos los trabajadores migrantes  en particular las mujeres migrantes y las personas con empleos precarios.;trabajo seguro  derechos laborales  migrantes     ;8.8 Proteger los derechos laborales y promover un entorno de trabajo seguro y sin riesgos para todos los trabajadores  incluidos los trabajadores migrantes  en particular las mujeres migrantes y las personas con empleos precarios.
69;8;8.9;9;De aquí a 2030  elaborar y poner en práctica políticas encaminadas a promover un turismo sostenible que cree puestos de trabajo y promueva la cultura y los productos locales.;turismo  local  economía       productos locales  artesanías  artesanos;8.9 De aquí a 2030  elaborar y poner en práctica políticas encaminadas a promover un turismo sostenible que cree puestos de trabajo y promueva la cultura y los productos locales.
70;8;8.1;10;Fortalecer la capacidad de las instituciones financieras nacionales para fomentar y ampliar el acceso a los servicios bancarios  financieros y de seguros para todos.;acceso a servicios bancarios  bancos  financiero  finanzas  crédito      ;8.10 Fortalecer la capacidad de las instituciones financieras nacionales para fomentar y ampliar el acceso a los servicios bancarios  financieros y de seguros para todos.
71;8;8.11;a;Aumentar el apoyo a la iniciativa de ayuda para el comercio en los países en desarrollo  en particular los países menos adelantados  incluso mediante el Marco Integrado Mejorado para la Asistencia Técnica a los Países Menos Adelantados en Materia de Comercio.;comercio  economía     ;8.a Aumentar el apoyo a la iniciativa de ayuda para el comercio en los países en desarrollo  en particular los países menos adelantados  incluso mediante el Marco Integrado Mejorado para la Asistencia Técnica a los Países Menos Adelantados en Materia de Comercio.
72;8;8.12;b;"De aquí a 2020  desarrollar y poner en marcha una estrategia mundial para el empleo de los jóvenes y aplicar el Pacto Mundial para el Empleo de la Organización
Internacional del Trabajo.";empleo jóvenes  empleo juvenil     ;"8.b De aquí a 2020  desarrollar y poner en marcha una estrategia mundial para el empleo de los jóvenes y aplicar el Pacto Mundial para el Empleo de la Organización
Internacional del Trabajo."
73;9;9.1;1;Desarrollar infraestructuras fiables  sostenibles  resilientes y de calidad  incluidas infraestructuras regionales y transfronterizas  para apoyar el desarrollo económico y el bienestar humano  haciendo especial hincapié en el acceso asequible y equitativo para todos.;infraestructura   carreteras  vías calle transporte   equipamientos  espacio público movilidad  puente señalización vías  ciclorutas  carrera avenida;9.1 Desarrollar infraestructuras fiables  sostenibles  resilientes y de calidad  incluidas infraestructuras regionales y transfronterizas  para apoyar el desarrollo económico y el bienestar humano  haciendo especial hincapié en el acceso asequible y equitativo para todos.
74;9;9.2;2;Promover una industrialización inclusiva y sostenible y  de aquí a 2030  aumentar significativamente la contribución de la industria al empleo y al producto interno bruto  de acuerdo con las circunstancias nacionales  y duplicar esa contribución en los países menos adelantados.;industrialización  industria  empleo     ;9.2 Promover una industrialización inclusiva y sostenible y  de aquí a 2030  aumentar significativamente la contribución de la industria al empleo y al producto interno bruto  de acuerdo con las circunstancias nacionales  y duplicar esa contribución en los países menos adelantados.
75;9;9.3;3;Aumentar el acceso de las pequeñas industrias y otras empresas  particularmente en los países en desarrollo  a los servicios financieros  incluidos créditos asequibles  y su integración en las cadenas de valor y los mercados.;servicios financieros  banco  crédito  industria  empresa     ;9.3 Aumentar el acceso de las pequeñas industrias y otras empresas  particularmente en los países en desarrollo  a los servicios financieros  incluidos créditos asequibles  y su integración en las cadenas de valor y los mercados.
76;9;9.4;4;Modernizar la infraestructura y reconvertir las industrias para que sean sostenibles  utilizando los recursos con mayor eficacia y promoviendo la adopción de tecnologías y procesos industriales limpios y ambientalmente racionales  y logrando que todos los países tomen medidas de acuerdo con sus capacidades respectivas.;industria  sostenible  tecnología  innovación     Contaminación  ;9.4 Modernizar la infraestructura y reconvertir las industrias para que sean sostenibles  utilizando los recursos con mayor eficacia y promoviendo la adopción de tecnologías y procesos industriales limpios y ambientalmente racionales  y logrando que todos los países tomen medidas de acuerdo con sus capacidades respectivas.
77;9;9.5;5;Aumentar la investigación científica y mejorar la capacidad tecnológica de los sectores industriales de todos los países  en particular los países en desarrollo  entre otras cosas fomentando la innovación y aumentando considerablemente  de aquí a 2030  el número de personas que trabajan en investigación y desarrollo por millón de habitantes y los gastos de los sectores público y privado en investigación y desarrollo.;investigación científica  investigación  desarrollo  innovación   ciudad del conocimiento    ;9.5 Aumentar la investigación científica y mejorar la capacidad tecnológica de los sectores industriales de todos los países  en particular los países en desarrollo  entre otras cosas fomentando la innovación y aumentando considerablemente  de aquí a 2030  el número de personas que trabajan en investigación y desarrollo por millón de habitantes y los gastos de los sectores público y privado en investigación y desarrollo.
78;9;9.6;a;Facilitar el desarrollo de infraestructuras sostenibles y resilientes en los países en desarrollo mediante un mayor apoyo financiero  tecnológico y técnico a los países africanos  los países menos adelantados  los países en desarrollo sin litoral y los pequeños Estados insulares en desarrollo.;  alianzas público privadas  inversión;9.a Facilitar el desarrollo de infraestructuras sostenibles y resilientes en los países en desarrollo mediante un mayor apoyo financiero  tecnológico y técnico a los países africanos  los países menos adelantados  los países en desarrollo sin litoral y los pequeños Estados insulares en desarrollo.
79;9;9.7;b;Apoyar el desarrollo de tecnologías  la investigación y la innovación nacionales en los países en desarrollo  incluso garantizando un entorno normativo propicio a la diversificación industrial y la adición de valor a los productos básicos  entre otras cosas.;desarrollo de tecnología  investigación  innovación     innovación y desarrollo;9.b Apoyar el desarrollo de tecnologías  la investigación y la innovación nacionales en los países en desarrollo  incluso garantizando un entorno normativo propicio a la diversificación industrial y la adición de valor a los productos básicos  entre otras cosas.
80;9;9.8;c;Aumentar significativamente el acceso a la tecnología de la información y las comunicaciones y esforzarse por proporcionar acceso universal y asequible a Internet en los países menos adelantados de aquí a 2020.;acceso a internet  acceso a la información  comunicación  tecnología de la información   ciudad del conocimiento   ;9.c Aumentar significativamente el acceso a la tecnología de la información y las comunicaciones y esforzarse por proporcionar acceso universal y asequible a Internet en los países menos adelantados de aquí a 2020.
81;10;10.1;1;Lograr progresivamente y mantener el crecimiento de los ingresos del 40% más pobre de la población a una tasa superior a la media nacional.;ingresos  salario  sueldo  dinero  pobre  pobreza       ;10.1 Lograr progresivamente y mantener el crecimiento de los ingresos del 40% más pobre de la población a una tasa superior a la media nacional.
82;10;10.2;2;Potenciar y promover la inclusión social  económica y política de todas las personas  independientemente de su edad  sexo  discapacidad  raza  etnia  origen  religión o situación económica u otra condición.;inclusión  discriminación  igualdad  inclusión social  inclusión económica  inclusión política     ;10.2 Potenciar y promover la inclusión social  económica y política de todas las personas  independientemente de su edad  sexo  discapacidad  raza  etnia  origen  religión o situación económica u otra condición.
83;10;10.3;3;Garantizar la igualdad de oportunidades y reducir la desigualdad de resultados  incluso eliminando las leyes  políticas y prácticas discriminatorias y promoviendo legislaciones  políticas y medidas adecuadas a ese respecto.;igualdad de oportunidades ;10.3 Garantizar la igualdad de oportunidades y reducir la desigualdad de resultados  incluso eliminando las leyes  políticas y prácticas discriminatorias y promoviendo legislaciones  políticas y medidas adecuadas a ese respecto.
84;10;10.4;4;Adoptar políticas  especialmente fiscales  salariales y de protección social  y lograr progresivamente una mayor igualdad.;protección social  jubilación  pensión  pensionado  seguridad social      ;10.4 Adoptar políticas  especialmente fiscales  salariales y de protección social  y lograr progresivamente una mayor igualdad.
85;10;10.5;5;Mejorar la reglamentación y vigilancia de las instituciones y los mercados financieros mundiales y fortalecer la aplicación de esos reglamentos.;mercados financieros  bancos  financiación  crédito     ;10.5 Mejorar la reglamentación y vigilancia de las instituciones y los mercados financieros mundiales y fortalecer la aplicación de esos reglamentos.
86;10;10.6;7;Facilitar la migración y la movilidad ordenadas  seguras  regulares y responsables de las personas  incluso mediante la aplicación de políticas migratorias planificadas y bien gestionadas.;migrante  migración  desplazamiento  movilidad  migratorio  venezuela  venezolanos      ;10.7 Facilitar la migración y la movilidad ordenadas  seguras  regulares y responsables de las personas  incluso mediante la aplicación de políticas migratorias planificadas y bien gestionadas.
87;10;10.7;b;Fomentar la asistencia oficial para el desarrollo y las corrientes financieras  incluida la inversión extranjera directa  para los Estados con mayores necesidades  en particular los países menos adelantados  los países africanos  los pequeños Estados insulares en desarrollo y los países en desarrollo sin litoral  en consonancia con sus planes y programas nacionales.;inversión extranjera  asistencia      ;10.b Fomentar la asistencia oficial para el desarrollo y las corrientes financieras  incluida la inversión extranjera directa  para los Estados con mayores necesidades  en particular los países menos adelantados  los países africanos  los pequeños Estados insulares en desarrollo y los países en desarrollo sin litoral  en consonancia con sus planes y programas nacionales.
88;10;10.8;c;De aquí a 2030  reducir a menos del 3% los costos de transacción de las remesas de los migrantes y eliminar los corredores de remesas con un costo superior al 5%.;remesas  migrantes     ;10.c De aquí a 2030  reducir a menos del 3% los costos de transacción de las remesas de los migrantes y eliminar los corredores de remesas con un costo superior al 5%.
89;11;11.1;1;Asegurar el acceso de todas las personas a viviendas y servicios básicos adecuados  seguros y asequibles y mejorar los barrios marginales.;vivienda adecuada  acceso a servicios públicos  servicios públicos   alcantarillado  alumbrado público  gas luz ;11.1 Asegurar el acceso de todas las personas a viviendas y servicios básicos adecuados  seguros y asequibles y mejorar los barrios marginales.
90;11;11.2;2;Proporcionar acceso a sistemas de transporte seguros  asequibles  accesibles y sostenibles para todos y mejorar la seguridad vial  en particular mediante la ampliación del transporte público  prestando especial atención a las necesidades de las personas en situación de vulnerabilidad  las mujeres  los niños  las personas con discapacidad y las personas de edad.;transporte público  transporte  transporte seguro  bus  buseta  pasaje  trancón  trancones  vía    movilidad   accidentalidad vial   de tránsito  sistema integrado de transporte  movilidad inclusiva automotor calle pasaje taxi carretera ruta tránsito ;11.2 Proporcionar acceso a sistemas de transporte seguros  asequibles  accesibles y sostenibles para todos y mejorar la seguridad vial  en particular mediante la ampliación del transporte público  prestando especial atención a las necesidades de las personas en situación de vulnerabilidad  las mujeres  los niños  las personas con discapacidad y las personas de edad.
91;11;11.3;3;Aumentar la urbanización inclusiva y sostenible y la capacidad para la planificación y la gestión participativas  integradas y sostenibles de los asentamientos humanos en todos los países.;ciudad  urbanización    asentamientos informales  reubicación  ecovivienda construcciones informales ;11.3 Aumentar la urbanización inclusiva y sostenible y la capacidad para la planificación y la gestión participativas  integradas y sostenibles de los asentamientos humanos en todos los países.
92;11;11.4;4;Redoblar los esfuerzos para proteger y salvaguardar el patrimonio cultural y natural del mundo.;cuidar  proteger  patrimonio cultural  cultura  medio ambiente  naturaleza  natural    deterioro centro histórico  pérdida zona patrimonial  nuevas centralidades  pérdida interés centro histórico  conservación del patrimonio  inmuebles carácter patrimonial  pérdida de valor patrimonio  detrimento bienes culturales  apropiación patrimonio  Bienes de interés cultural   ;11.4 Redoblar los esfuerzos para proteger y salvaguardar el patrimonio cultural y natural del mundo.
93;11;11.5;5;De aquí a 2030  reducir significativamente el número de muertes causadas por los desastres  incluidos los relacionados con el agua  y de personas afectadas por ellos  y reducir considerablemente las pérdidas económicas directas provocadas por los desastres en comparación con el producto interno bruto mundial  haciendo especial hincapié en la protección de los pobres y las personas en situaciones de vulnerabilidad.;desastres naturales  cambio climático  inundación  lluvia  sequía  invierno  amenazas;11.5 De aquí a 2030  reducir significativamente el número de muertes causadas por los desastres  incluidos los relacionados con el agua  y de personas afectadas por ellos  y reducir considerablemente las pérdidas económicas directas provocadas por los desastres en comparación con el producto interno bruto mundial  haciendo especial hincapié en la protección de los pobres y las personas en situaciones de vulnerabilidad.
94;11;11.6;6;Reducir el impacto ambiental negativo per cápita de las ciudades  incluso prestando especial atención a la calidad del aire y la gestión de los desechos municipales y de otro tipo.;calidad del aire  contaminación  residuos  desechos  basura  impacto ambiental   reciclaje recolección de residuos sólidos  recolección de basuras  relleno sanitario  residuos agua ambiente contaminación humo ;11.6 Reducir el impacto ambiental negativo per cápita de las ciudades  incluso prestando especial atención a la calidad del aire y la gestión de los desechos municipales y de otro tipo.
95;11;11.7;7;Proporcionar acceso universal a zonas verdes y espacios públicos seguros  inclusivos y accesibles  en particular para las mujeres y los niños  las personas de edad y las personas con discapacidad.;zona verde  parque  vegetación  bosque  espacio público  recreación  inclusivo  seguridad  deporte     parqueaderos biblioteca deporte estadio inclusión ;11.7 Proporcionar acceso universal a zonas verdes y espacios públicos seguros  inclusivos y accesibles  en particular para las mujeres y los niños  las personas de edad y las personas con discapacidad.
96;11;11.8;a;"Apoyar los vínculos económicos  sociales y ambientales positivos entre las zonas urbanas  periurbanas y rurales fortaleciendo la planificación del desarrollo
nacional y regional.";zona urbana  zona rural  planeación      suelo suburbano  suburbanización   campestre   urbano rurales urbanización;"11.a Apoyar los vínculos económicos  sociales y ambientales positivos entre las zonas urbanas  periurbanas y rurales fortaleciendo la planificación del desarrollo
nacional y regional."
97;11;11.9;b;Aumentar considerablemente el número de ciudades y asentamientos humanos que adoptan e implementan políticas y planes integrados para promover la inclusión  el uso eficiente de los recursos  la mitigación del cambio climático y la adaptación a él y la resiliencia ante los desastres  y desarrollar y poner en práctica  en consonancia con el Marco de Sendái para la Reducción del Riesgo de Desastres 2015-2030  la gestión integral de los riesgos de desastre a todos los niveles.;cambio climático  desastres naturales   ecosistemas  contaminación gestión ;11.b Aumentar considerablemente el número de ciudades y asentamientos humanos que adoptan e implementan políticas y planes integrados para promover la inclusión  el uso eficiente de los recursos  la mitigación del cambio climático y la adaptación a él y la resiliencia ante los desastres  y desarrollar y poner en práctica  en consonancia con el Marco de Sendái para la Reducción del Riesgo de Desastres 2015-2030  la gestión integral de los riesgos de desastre a todos los niveles.
98;11;11.1;c;Proporcionar apoyo a los países menos adelantados  incluso mediante asistencia financiera y técnica  para que puedan construir edificios sostenibles y resilientes utilizando materiales locales.;construcción  sostenible  local     ;11.c Proporcionar apoyo a los países menos adelantados  incluso mediante asistencia financiera y técnica  para que puedan construir edificios sostenibles y resilientes utilizando materiales locales.
99;12;12.1;1;Aplicar el Marco Decenal de Programas sobre Modalidades de Consumo y Producción Sostenibles  con la participación de todos los países y bajo el liderazgo de los países desarrollados  teniendo en cuenta el grado de desarrollo y las capacidades de los países en desarrollo.;consumo responsable  consumo sostenible  producción sostenible  recursos  consumo  producción  recursos naturales     ;12.1 Aplicar el Marco Decenal de Programas sobre Modalidades de Consumo y Producción Sostenibles  con la participación de todos los países y bajo el liderazgo de los países desarrollados  teniendo en cuenta el grado de desarrollo y las capacidades de los países en desarrollo.
100;12;12.2;2;Lograr la gestión sostenible y el uso eficiente de los recursos naturales.;gestión sostenible  recursos naturales  residuos  sostenibilidad  contaminación  medio ambiente     ;12.2 Lograr la gestión sostenible y el uso eficiente de los recursos naturales.
101;12;12.3;3;Reducir a la mitad el desperdicio de alimentos per cápita mundial en la venta al por menor y a nivel de los consumidores y reducir las pérdidas de alimentos en las cadenas de producción y suministro  incluidas las pérdidas posteriores a la cosecha.;desperdicio  alimentos  pérdida de alimento  pérdida cosecha      ;12.3 Reducir a la mitad el desperdicio de alimentos per cápita mundial en la venta al por menor y a nivel de los consumidores y reducir las pérdidas de alimentos en las cadenas de producción y suministro  incluidas las pérdidas posteriores a la cosecha.
102;12;12.4;4;Lograr la gestión ecológicamente racional de los productos químicos y de todos los desechos a lo largo de su ciclo de vida  de conformidad con los marcos internacionales convenidos  y reducir significativamente su liberación a la atmósfera  el agua y el suelo a fin de minimizar sus efectos adversos en la salud humana y el medio ambiente.;productos químicos  desechos químicos  medio ambiente  salud humana     ;12.4 Lograr la gestión ecológicamente racional de los productos químicos y de todos los desechos a lo largo de su ciclo de vida  de conformidad con los marcos internacionales convenidos  y reducir significativamente su liberación a la atmósfera  el agua y el suelo a fin de minimizar sus efectos adversos en la salud humana y el medio ambiente.
103;12;12.5;5;Reducir considerablemente la generación de desechos mediante actividades de prevención  reducción  reciclado y reutilización.;desechos  basura  reciclaje  reciclar  reutilizar  contaminación       ;12.5 Reducir considerablemente la generación de desechos mediante actividades de prevención  reducción  reciclado y reutilización.
104;12;12.6;6;Alentar a las empresas  en especial las grandes empresas y las empresas transnacionales  a que adopten prácticas sostenibles e incorporen información sobre la sostenibilidad en su ciclo de presentación de informes.;empresas  producción sostenible  sostenibilidad     ;12.6 Alentar a las empresas  en especial las grandes empresas y las empresas transnacionales  a que adopten prácticas sostenibles e incorporen información sobre la sostenibilidad en su ciclo de presentación de informes.
105;12;12.7;8;Asegurar que las personas de todo el mundo tengan la información y los conocimientos pertinentes para el desarrollo sostenible y los estilos de vida en armonía con la naturaleza.;conocimiento  medio ambiente  cuidado del medio ambiente;12.8 Asegurar que las personas de todo el mundo tengan la información y los conocimientos pertinentes para el desarrollo sostenible y los estilos de vida en armonía con la naturaleza.
106;12;12.8;a;Ayudar a los países en desarrollo a fortalecer su capacidad científica y tecnológica para avanzar hacia modalidades de consumo y producción más sostenibles.;sostenible  producción sostenible  investigación científica  tecnología     ;12.a Ayudar a los países en desarrollo a fortalecer su capacidad científica y tecnológica para avanzar hacia modalidades de consumo y producción más sostenibles.
107;12;12.9;b;Elaborar y aplicar instrumentos para vigilar los efectos en el desarrollo sostenible  a fin de lograr un turismo sostenible que cree puestos de trabajo y promueva la cultura y los productos locales.;desarrollo sostenible  turismo sostenible  empleo  trabajo  cultura local  producto local     artesanías  artesanos;12.b Elaborar y aplicar instrumentos para vigilar los efectos en el desarrollo sostenible  a fin de lograr un turismo sostenible que cree puestos de trabajo y promueva la cultura y los productos locales.
108;12;12.1;c;Racionalizar los subsidios ineficientes a los combustibles fósiles que fomentan el consumo antieconómico eliminando las distorsiones del mercado  de acuerdo con las circunstancias nacionales  incluso mediante la reestructuración de los sistemas tributarios y la eliminación gradual de los subsidios perjudiciales  cuando existan  para reflejar su impacto ambiental  teniendo plenamente en cuenta las necesidades y condiciones específicas de los países en desarrollo y minimizando los posibles efectos adversos en su desarrollo  de manera que se proteja a los pobres y a las comunidades afectadas.;gasolina  petróleo  impuesto  subsidio  impacto ambiental     ;12.c Racionalizar los subsidios ineficientes a los combustibles fósiles que fomentan el consumo antieconómico eliminando las distorsiones del mercado  de acuerdo con las circunstancias nacionales  incluso mediante la reestructuración de los sistemas tributarios y la eliminación gradual de los subsidios perjudiciales  cuando existan  para reflejar su impacto ambiental  teniendo plenamente en cuenta las necesidades y condiciones específicas de los países en desarrollo y minimizando los posibles efectos adversos en su desarrollo  de manera que se proteja a los pobres y a las comunidades afectadas.
109;13;13.1;1;Fortalecer la resiliencia y la capacidad de adaptación a los riesgos relacionados con el clima y los desastres naturales en todos los países.;adaptación desastre natural  cambio climático     ;13.1 Fortalecer la resiliencia y la capacidad de adaptación a los riesgos relacionados con el clima y los desastres naturales en todos los países.
110;13;13.2;2;Incorporar medidas relativas al cambio climático en las políticas  estrategias y planes nacionales.;cambio climático  prevención y mitigación;13.2 Incorporar medidas relativas al cambio climático en las políticas  estrategias y planes nacionales.
111;13;13.3;3;Mejorar la educación  la sensibilización y la capacidad humana e institucional respecto de la mitigación del cambio climático  la adaptación a él  la reducción de sus efectos y la alerta temprana.;información  cambio climático  adaptación  respuesta  capacidad de respuesta  alerta temprana  preparación     ;13.3 Mejorar la educación  la sensibilización y la capacidad humana e institucional respecto de la mitigación del cambio climático  la adaptación a él  la reducción de sus efectos y la alerta temprana.
112;13;13.4;b;Promover mecanismos para aumentar la capacidad para la planificación y gestión eficaces en relación con el cambio climático en los países menos adelantados y los pequeños Estados insulares en desarrollo  haciendo particular hincapié en las mujeres  los jóvenes y las comunidades locales y marginadas.;planificación  gestión  prevención  mitigación  cambio climático  desastres naturales     ;13.b Promover mecanismos para aumentar la capacidad para la planificación y gestión eficaces en relación con el cambio climático en los países menos adelantados y los pequeños Estados insulares en desarrollo  haciendo particular hincapié en las mujeres  los jóvenes y las comunidades locales y marginadas.
113;14;14.1;1;Prevenir y reducir significativamente la contaminación marina de todo tipo  en particular la producida por actividades realizadas en tierra  incluidos los detritos marinos y la polución por nutrientes.;contaminación marina  contaminación mar     ;14.1 Prevenir y reducir significativamente la contaminación marina de todo tipo  en particular la producida por actividades realizadas en tierra  incluidos los detritos marinos y la polución por nutrientes.
114;14;14.2;2;Gestionar y proteger sosteniblemente los ecosistemas marinos y costeros para evitar efectos adversos importantes  incluso fortaleciendo su resiliencia  y adoptar medidas para restaurarlos a fin de restablecer la salud y la productividad de los océanos.;ecosistema marino  océano  mar  protección  proteger  restablecer     ;14.2 Gestionar y proteger sosteniblemente los ecosistemas marinos y costeros para evitar efectos adversos importantes  incluso fortaleciendo su resiliencia  y adoptar medidas para restaurarlos a fin de restablecer la salud y la productividad de los océanos.
115;14;14.3;3;Minimizar y abordar los efectos de la acidificación de los océanos  incluso mediante una mayor cooperación científica a todos los niveles.;acidificación océano     ;14.3 Minimizar y abordar los efectos de la acidificación de los océanos  incluso mediante una mayor cooperación científica a todos los niveles.
116;14;14.4;4;"Reglamentar eficazmente la explotación pesquera y poner fin a la pesca excesiva  la pesca ilegal  no declarada y no reglamentada y las prácticas pesqueras destructivas  y aplicar planes de gestión con
fundamento científico a fin de restablecer las poblaciones de peces en el plazo más breve posible  al menos alcanzando niveles que puedan producir el máximo rendimiento
sostenible de acuerdo con sus características biológicas.";pesca  explotación pesquera  pesca ilegal  prácticas pesqueras destructivas     ;"14.4 Reglamentar eficazmente la explotación pesquera y poner fin a la pesca excesiva  la pesca ilegal  no declarada y no reglamentada y las prácticas pesqueras destructivas  y aplicar planes de gestión con
fundamento científico a fin de restablecer las poblaciones de peces en el plazo más breve posible  al menos alcanzando niveles que puedan producir el máximo rendimiento
sostenible de acuerdo con sus características biológicas."
117;14;14.5;5;Conservar al menos el 10% de las zonas costeras y marinas  de conformidad con las leyes nacionales y el derecho internacional y sobre la base de la mejor información científica disponible.;conservar  conservación  costa  zona costera  playa     ;14.5 Conservar al menos el 10% de las zonas costeras y marinas  de conformidad con las leyes nacionales y el derecho internacional y sobre la base de la mejor información científica disponible.
118;14;14.6;6;Prohibir ciertas formas de subvenciones a la pesca que contribuyen a la sobrecapacidad y la pesca excesiva  eliminar las subvenciones que contribuyen a la pesca ilegal  no declarada y no reglamentada y abstenerse de introducir nuevas subvenciones de esa índole  reconociendo que la negociación sobre las subvenciones a la pesca en el marco de la Organización Mundial del Comercio debe incluir un trato especial y diferenciado  apropiado y efectivo para los países en desarrollo y los países menos adelantados.;subvenciones a la pesca  pesca ilegal  pesca excesiva  sobre capacidad     ;14.6 Prohibir ciertas formas de subvenciones a la pesca que contribuyen a la sobrecapacidad y la pesca excesiva  eliminar las subvenciones que contribuyen a la pesca ilegal  no declarada y no reglamentada y abstenerse de introducir nuevas subvenciones de esa índole  reconociendo que la negociación sobre las subvenciones a la pesca en el marco de la Organización Mundial del Comercio debe incluir un trato especial y diferenciado  apropiado y efectivo para los países en desarrollo y los países menos adelantados.
119;14;14.7;7;Aumentar los beneficios económicos que los pequeños Estados insulares en desarrollo y los países menos adelantados obtienen del uso sostenible de los recursos marinos  en particular mediante la gestión sostenible de la pesca  la acuicultura y el turismo.;uso sostenible de recursos marino  pesca sostenible  acuicultura sostenible  turismo sostenible     ;14.7 Aumentar los beneficios económicos que los pequeños Estados insulares en desarrollo y los países menos adelantados obtienen del uso sostenible de los recursos marinos  en particular mediante la gestión sostenible de la pesca  la acuicultura y el turismo.
120;14;14.8;b;Facilitar el acceso de los pescadores artesanales a los recursos marinos y los mercados.;pescadores artesanales  acceso a recursos marinos  acceso a mercado     ;14.b Facilitar el acceso de los pescadores artesanales a los recursos marinos y los mercados.
121;14;14.9;c;Mejorar la conservación y el uso sostenible de los océanos y sus recursos aplicando el derecho internacional reflejado en la Convención de las Naciones Unidas sobre el Derecho del Mar  que constituye el marco jurídico para la conservación y la utilización sostenible de los océanos y sus recursos  como se recuerda en el párrafo 158 del documento El futuro que queremos.;conservación océano  uso sostenible de océano  uso sostenible de recursos     ;14.c Mejorar la conservación y el uso sostenible de los océanos y sus recursos aplicando el derecho internacional reflejado en la Convención de las Naciones Unidas sobre el Derecho del Mar  que constituye el marco jurídico para la conservación y la utilización sostenible de los océanos y sus recursos  como se recuerda en el párrafo 158 del documento El futuro que queremos.
122;15;15.1;1;Asegurar la conservación  el restablecimiento y el uso sostenible de los ecosistemas terrestres y los ecosistemas interiores de agua dulce y sus servicios  en particular los bosques  los humedales  las montañas y las zonas áridas  en consonancia con las obligaciones contraídas en virtud de acuerdos internacionales.;conservación  uso sostenible  ecosistema  agua dulce  ríos  bosques  los humedales  las montañas  zonas áridas     ;15.1 Asegurar la conservación  el restablecimiento y el uso sostenible de los ecosistemas terrestres y los ecosistemas interiores de agua dulce y sus servicios  en particular los bosques  los humedales  las montañas y las zonas áridas  en consonancia con las obligaciones contraídas en virtud de acuerdos internacionales.
123;15;15.2;2;Promover la puesta en práctica de la gestión sostenible de todos los tipos de bosques  detener la deforestación  recuperar los bosques degradados y aumentar considerablemente la forestación y la reforestación a nivel mundial.;deforestación  reforestación  tierra  bosque  recuperar la tierra  recuperar el bosque  árboles  madera  suelo     ;15.2 Promover la puesta en práctica de la gestión sostenible de todos los tipos de bosques  detener la deforestación  recuperar los bosques degradados y aumentar considerablemente la forestación y la reforestación a nivel mundial.
124;15;15.3;3;Luchar contra la desertificación  rehabilitar las tierras y los suelos degradados  incluidas las tierras afectadas por la desertificación  la sequía y las inundaciones  y procurar lograr un mundo con efecto neutro en la degradación de las tierras.;suelo degradado  desertificación  rehabilitación  degradación de las tierras  inundación  sequía     ;15.3 Luchar contra la desertificación  rehabilitar las tierras y los suelos degradados  incluidas las tierras afectadas por la desertificación  la sequía y las inundaciones  y procurar lograr un mundo con efecto neutro en la degradación de las tierras.
125;15;15.4;4;Asegurar la conservación de los ecosistemas montañosos  incluida su diversidad biológica  a fin de mejorar su capacidad de proporcionar beneficios esenciales para el desarrollo sostenible.;conservación ecosistemas montañosos  conservación diversidad biológica  montaña       ;15.4 Asegurar la conservación de los ecosistemas montañosos  incluida su diversidad biológica  a fin de mejorar su capacidad de proporcionar beneficios esenciales para el desarrollo sostenible.
126;15;15.5;5;Adoptar medidas urgentes y significativas para reducir la degradación de los hábitats naturales  detener la pérdida de biodiversidad y  de aquí a 2020  proteger las especies amenazadas y evitar su extinción.;degradación hábitat natural  pérdida biodiversidad  proteger especies amenazadas  extinsión especies     ;15.5 Adoptar medidas urgentes y significativas para reducir la degradación de los hábitats naturales  detener la pérdida de biodiversidad y  de aquí a 2020  proteger las especies amenazadas y evitar su extinción.
127;15;15.6;6;Promover la participación justa y equitativa en los beneficios derivados de la utilización de los recursos genéticos y promover el acceso adecuado a esos recursos  según lo convenido internacionalmente.;uso recursos genéticos  acceso recurso genéticos     ;15.6 Promover la participación justa y equitativa en los beneficios derivados de la utilización de los recursos genéticos y promover el acceso adecuado a esos recursos  según lo convenido internacionalmente.
128;15;15.7;7;Adoptar medidas urgentes para poner fin a la caza furtiva y el tráfico de especies protegidas de flora y fauna y abordar tanto la demanda como la oferta de productos ilegales de flora y fauna silvestres.;caza furtiva  caza ilegal  especies protegidas  protección flora  protección fauna     ;15.7 Adoptar medidas urgentes para poner fin a la caza furtiva y el tráfico de especies protegidas de flora y fauna y abordar tanto la demanda como la oferta de productos ilegales de flora y fauna silvestres.
129;15;15.8;8;Adoptar medidas para prevenir la introducción de especies exóticas invasoras y reducir significativamente sus efectos en los ecosistemas terrestres y acuáticos y controlar o erradicar las especies prioritarias.;especies exóticas;15.8 Adoptar medidas para prevenir la introducción de especies exóticas invasoras y reducir significativamente sus efectos en los ecosistemas terrestres y acuáticos y controlar o erradicar las especies prioritarias.
130;15;15.9;a;Movilizar y aumentar significativamente los recursos financieros procedentes de todas las fuentes para conservar y utilizar de forma sostenible la biodiversidad y los ecosistemas.;recursos financieros  conservar  conservación  conservar biodiversidad  conservar ecosistema     ;15.a Movilizar y aumentar significativamente los recursos financieros procedentes de todas las fuentes para conservar y utilizar de forma sostenible la biodiversidad y los ecosistemas.
131;15;15.1;b;"Movilizar recursos considerables de todas las fuentes y a todos los niveles para financiar la gestión forestal sostenible y proporcionar incentivos adecuados a los países
en desarrollo para que promuevan dicha gestión  en
particular con miras a la conservación y la reforestación.";financiar gestión forestal  recursos  recursos económicos  conservación  conservar ecosistema     ;"15.b Movilizar recursos considerables de todas las fuentes y a todos los niveles para financiar la gestión forestal sostenible y proporcionar incentivos adecuados a los países
en desarrollo para que promuevan dicha gestión  en
particular con miras a la conservación y la reforestación."
132;15;15.11;c;Aumentar el apoyo mundial a la lucha contra la caza furtiva y el tráfico de especies protegidas  incluso aumentando la capacidad de las comunidades locales para perseguir oportunidades de subsistencia sostenibles.;caza furtiva  caza ilegal  tráfico de especies     ;15.c Aumentar el apoyo mundial a la lucha contra la caza furtiva y el tráfico de especies protegidas  incluso aumentando la capacidad de las comunidades locales para perseguir oportunidades de subsistencia sostenibles.
133;16;16.1;1;Reducir significativamente todas las formas de violencia y las correspondientes tasas de mortalidad en todo el mundo.;violencia  muertes  homicidio  asesinato  asesinar  bandas criminales  pandillas inseguridad seguridad atraco policía delincuencia delincuente robar desplazamiento forzado secuestro hurto víctima;16.1 Reducir significativamente todas las formas de violencia y las correspondientes tasas de mortalidad en todo el mundo.
134;16;16.2;2;Poner fin al maltrato  la explotación  la trata y todas las formas de violencia y tortura contra los niños.;maltrato infantil  explotación infantil  trata;16.2 Poner fin al maltrato  la explotación  la trata y todas las formas de violencia y tortura contra los niños.
135;16;16.3;3;Promover el estado de derecho en los planos nacional e internacional y garantizar la igualdad de acceso a la justicia para todos.;acceso a justicia  justicia  policía  juez      ;16.3 Promover el estado de derecho en los planos nacional e internacional y garantizar la igualdad de acceso a la justicia para todos.
136;16;16.4;4;De aquí a 2030  reducir significativamente las corrientes financieras y de armas ilícitas  fortalecer la recuperación y devolución de los activos robados y luchar contra todas las formas de delincuencia organizada.;robo  inseguridad  delito  ilícito  armas ilícitas  delincuencia organizada  delincuencia  atraco  atracar  bandas  delincuente  ladrón  ladrones  atraco asesinato delincunete ;16.4 De aquí a 2030  reducir significativamente las corrientes financieras y de armas ilícitas  fortalecer la recuperación y devolución de los activos robados y luchar contra todas las formas de delincuencia organizada.
137;16;16.5;5;Reducir considerablemente la corrupción y el soborno en todas sus formas.;corrupción  soborno   políticos corruptos  coimas  fortalecimiento institucional  ;16.5 Reducir considerablemente la corrupción y el soborno en todas sus formas.
138;16;16.6;6;Crear a todos los niveles instituciones eficaces y transparentes que rindan cuentas.;rendición de cuentas  transparencia  confianza en instituciones   Fortalecimiento institucional  ;16.6 Crear a todos los niveles instituciones eficaces y transparentes que rindan cuentas.
139;16;16.7;7;Garantizar la adopción en todos los niveles de decisiones inclusivas  participativas y representativas que respondan a las necesidades.;  participación ciudadana  ciudadanía  control social   control ciudadano  ;16.7 Garantizar la adopción en todos los niveles de decisiones inclusivas  participativas y representativas que respondan a las necesidades.
140;16;16.8;9;Proporcionar acceso a una identidad jurídica para todos  en particular mediante el registro de nacimientos.;identidad jurídica  identificación  registros administrativos  registro  cédula     registro civil;16.9 Proporcionar acceso a una identidad jurídica para todos  en particular mediante el registro de nacimientos.
141;16;16.9;10;Garantizar el acceso público a la información y proteger las libertades fundamentales  de conformidad con las leyes nacionales y los acuerdos internacionales.;acceso público a información      ;16.10 Garantizar el acceso público a la información y proteger las libertades fundamentales  de conformidad con las leyes nacionales y los acuerdos internacionales.
142;16;16.1;a;Fortalecer las instituciones nacionales pertinentes  incluso mediante la cooperación internacional  para crear a todos los niveles  particularmente en los países en desarrollo  la capacidad de prevenir la violencia y combatir el terrorismo y la delincuencia.;delincuencia terrorismo violencia  seguridad nacional conflicto protección policía ejército;16.a Fortalecer las instituciones nacionales pertinentes  incluso mediante la cooperación internacional  para crear a todos los niveles  particularmente en los países en desarrollo  la capacidad de prevenir la violencia y combatir el terrorismo y la delincuencia.
143;17;17.1;1;Fortalecer la movilización de recursos internos  incluso mediante la prestación de apoyo internacional a los países en desarrollo  con el fin de mejorar la capacidad nacional para recaudar ingresos fiscales y de otra índole.;ingresos fiscales  impuestos  renta  evasor  evasión de impuestos     ;17.1 Fortalecer la movilización de recursos internos  incluso mediante la prestación de apoyo internacional a los países en desarrollo  con el fin de mejorar la capacidad nacional para recaudar ingresos fiscales y de otra índole.
144;17;17.2;2;"Velar por que los países desarrollados cumplan plenamente sus compromisos en relación con la asistencia oficial para el desarrollo  incluido el compromiso de numerosos países desarrollados de alcanzar el objetivo de destinar el 0 7% del ingreso nacional bruto a la asistencia oficial para el desarrollo de los países en desarrollo y entre el 0 15% y el 0 20% del ingreso nacional bruto a la asistencia oficial para el desarrollo de los países menos adelantados; se alienta a los proveedores de asistencia oficial para el desarrollo a que consideren la posibilidad de fijar una meta para destinar al menos el 0 20% del ingreso nacional bruto a la asistencia oficial para el desarrollo de los países menos adelantados.";cooperación  agencias de cooperación internacional  proyectos de cooperación  naciones unidas  fondos internacionales  ;"17.2 Velar por que los países desarrollados cumplan plenamente sus compromisos en relación con la asistencia oficial para el desarrollo  incluido el compromiso de numerosos países desarrollados de alcanzar el objetivo de destinar el 0 7% del ingreso nacional bruto a la asistencia oficial para el desarrollo de los países en desarrollo y entre el 0 15% y el 0 20% del ingreso nacional bruto a la asistencia oficial para el desarrollo de los países menos adelantados; se alienta a los proveedores de asistencia oficial para el desarrollo a que consideren la posibilidad de fijar una meta para destinar al menos el 0 20% del ingreso nacional bruto a la asistencia oficial para el desarrollo de los países menos adelantados."
145;17;17.3;4;Ayudar a los países en desarrollo a lograr la sostenibilidad de la deuda a largo plazo con políticas coordinadas orientadas a fomentar la financiación  el alivio y la reestructuración de la deuda  según proceda  y hacer frente a la deuda externa de los países pobres muy endeudados a fin de reducir el endeudamiento excesivo.;deuda externa   créditos internacionales  financiación internacional  deuda  ;17.4 Ayudar a los países en desarrollo a lograr la sostenibilidad de la deuda a largo plazo con políticas coordinadas orientadas a fomentar la financiación  el alivio y la reestructuración de la deuda  según proceda  y hacer frente a la deuda externa de los países pobres muy endeudados a fin de reducir el endeudamiento excesivo.
146;17;17.4;5;Adoptar y aplicar sistemas de promoción de las inversiones en favor de los países menos adelantados.;tratado de libre comercio   entre paises;17.5 Adoptar y aplicar sistemas de promoción de las inversiones en favor de los países menos adelantados.
147;17;17.5;6;Mejorar la cooperación regional e internacional NorteSur  Sur-Sur y triangular en materia de ciencia  tecnología e innovación y el acceso a estas  y aumentar el intercambio de conocimientos en condiciones mutuamente convenidas  incluso mejorando la coordinación entre los mecanismos existentes  en particular a nivel de las Naciones Unidas  y mediante un mecanismo mundial de facilitación de la tecnología.;ciencia  tecnología  innovación   Intercambios  ;17.6 Mejorar la cooperación regional e internacional NorteSur  Sur-Sur y triangular en materia de ciencia  tecnología e innovación y el acceso a estas  y aumentar el intercambio de conocimientos en condiciones mutuamente convenidas  incluso mejorando la coordinación entre los mecanismos existentes  en particular a nivel de las Naciones Unidas  y mediante un mecanismo mundial de facilitación de la tecnología.
148;17;17.6;7;Promover el desarrollo de tecnologías ecológicamente racionales y su transferencia  divulgación y difusión a los países en desarrollo en condiciones favorables  incluso en condiciones concesionarias y preferenciales  según lo convenido de mutuo acuerdo.;desarrollo de tecnologías ecológicamente racionales y su transferencia  divulgación y difusión     ;17.7 Promover el desarrollo de tecnologías ecológicamente racionales y su transferencia  divulgación y difusión a los países en desarrollo en condiciones favorables  incluso en condiciones concesionarias y preferenciales  según lo convenido de mutuo acuerdo.
149;17;17.7;8;Poner en pleno funcionamiento  a más tardar en 2017  el banco de tecnología y el mecanismo de apoyo a la creación de capacidad en materia de ciencia  tecnología e innovación para los países menos adelantados y aumentar la utilización de tecnologías instrumentales  en particular la tecnología de la información y las comunicaciones.;ciencia  tecnología  innovación  tecnología de información  tecnología de comunicación      ;17.8 Poner en pleno funcionamiento  a más tardar en 2017  el banco de tecnología y el mecanismo de apoyo a la creación de capacidad en materia de ciencia  tecnología e innovación para los países menos adelantados y aumentar la utilización de tecnologías instrumentales  en particular la tecnología de la información y las comunicaciones.
150;17;17.8;9;Aumentar el apoyo internacional para realizar actividades de creación de capacidad eficaces y específicas en los países en desarrollo a fin de respaldar los planes nacionales de implementación de todos los Objetivos de Desarrollo Sostenible  incluso mediante la cooperación Norte-Sur  Sur-Sur y triangular.;implementación objetivos de desarrollo sostenible     ;17.9 Aumentar el apoyo internacional para realizar actividades de creación de capacidad eficaces y específicas en los países en desarrollo a fin de respaldar los planes nacionales de implementación de todos los Objetivos de Desarrollo Sostenible  incluso mediante la cooperación Norte-Sur  Sur-Sur y triangular.
151;17;17.9;10;Promover un sistema de comercio multilateral universal  basado en normas  abierto  no discriminatorio y equitativo en el marco de la Organización Mundial del Comercio  incluso mediante la conclusión de las negociaciones en el marco del Programa de Doha para el Desarrollo.;comercio  comercio multilateral  comercio abierto  comercio equitativo     ;17.10 Promover un sistema de comercio multilateral universal  basado en normas  abierto  no discriminatorio y equitativo en el marco de la Organización Mundial del Comercio  incluso mediante la conclusión de las negociaciones en el marco del Programa de Doha para el Desarrollo.
152;17;17.1;11;Aumentar significativamente las exportaciones de los países en desarrollo  en particular con miras a duplicar la participación de los países menos adelantados en las exportaciones mundiales de aquí a 2020.;exportación  exportaciones     ;17.11 Aumentar significativamente las exportaciones de los países en desarrollo  en particular con miras a duplicar la participación de los países menos adelantados en las exportaciones mundiales de aquí a 2020.
153;17;17.11;12;Lograr la consecución oportuna del acceso a los mercados libre de derechos y contingentes de manera duradera para todos los países menos adelantados  conforme a las decisiones de la Organización Mundial del Comercio  incluso velando por que las normas de origen preferenciales aplicables a las importaciones de los países menos adelantados sean transparentes y sencillas y contribuyan a facilitar el acceso a los mercados.;mercado libre  acceso a mercados     ;17.12 Lograr la consecución oportuna del acceso a los mercados libre de derechos y contingentes de manera duradera para todos los países menos adelantados  conforme a las decisiones de la Organización Mundial del Comercio  incluso velando por que las normas de origen preferenciales aplicables a las importaciones de los países menos adelantados sean transparentes y sencillas y contribuyan a facilitar el acceso a los mercados.
154;17;17.12;13;Aumentar la estabilidad macroeconómica mundial  incluso mediante la coordinación y coherencia de las políticas.;estabilidad macroeconomía  indicadores macroeconómicos  ;17.13 Aumentar la estabilidad macroeconómica mundial  incluso mediante la coordinación y coherencia de las políticas.
155;17;17.13;14;Mejorar la coherencia de las políticas para el desarrollo sostenible.;políticas para el desarrollo sostenible     ;17.14 Mejorar la coherencia de las políticas para el desarrollo sostenible.
156;17;17.14;15;Respetar el margen normativo y el liderazgo de cada país para establecer y aplicar políticas de erradicación de la pobreza y desarrollo sostenible.;política margen normativo ;17.15 Respetar el margen normativo y el liderazgo de cada país para establecer y aplicar políticas de erradicación de la pobreza y desarrollo sostenible.
157;17;17.15;17;Fomentar y promover la constitución de alianzas eficaces en las esferas pública  público-privada y de la sociedad civil  aprovechando la experiencia y las estrategias de obtención de recursos de las alianzas.;alianza público privado  cooperación  sociedad civil     ;17.17 Fomentar y promover la constitución de alianzas eficaces en las esferas pública  público-privada y de la sociedad civil  aprovechando la experiencia y las estrategias de obtención de recursos de las alianzas.
158;17;17.16;18;Mejorar el apoyo a la creación de capacidad prestado a los países en desarrollo  incluidos los países menos adelantados y los pequeños Estados insulares en desarrollo  para aumentar significativamente la disponibilidad de datos oportunos  fiables y de gran calidad desglosados por ingresos  sexo  edad  raza  origen étnico  estatus migratorio  discapacidad  ubicación geográfica y otras características pertinentes en los contextos nacionales.;datos  datos abiertos  información  datos de calidad  datos completos     ;17.18 Mejorar el apoyo a la creación de capacidad prestado a los países en desarrollo  incluidos los países menos adelantados y los pequeños Estados insulares en desarrollo  para aumentar significativamente la disponibilidad de datos oportunos  fiables y de gran calidad desglosados por ingresos  sexo  edad  raza  origen étnico  estatus migratorio  discapacidad  ubicación geográfica y otras características pertinentes en los contextos nacionales.
159;17;17.17;19;De aquí a 2030  aprovechar las iniciativas existentes para elaborar indicadores que permitan medir los progresos en materia de desarrollo sostenible y complementen el producto interno bruto  y apoyar la creación de capacidad estadística en los países en desarrollo.;indicador  medición  datos  estadística  capacidad estadística     ;17.19 De aquí a 2030  aprovechar las iniciativas existentes para elaborar indicadores que permitan medir los progresos en materia de desarrollo sostenible y complementen el producto interno bruto  y apoyar la creación de capacidad estadística en los países en desarrollo.
